{
  "n_potentials": 1,
  "n_materials": 8,
  "n_properties": 2,
  "n_entries": 16,
  "metrics": [
    {
      "potential": "EAM",
      "mae": 0.030374999999999958,
      "rmse": 0.048837741553024366,
      "max_error": 0.1200000000000001,
      "mean_rel_error": 0.009159315976844887,
      "per_property_mae": {
        "Ecoh": 0.058750000000000024,
        "a0": 0.0019999999999998908
      },
      "per_property_rmse": {
        "Ecoh": 0.06901086870921136,
        "a0": 0.002783882181414944
      },
      "per_material_mae": {
        "Al": 0.015499999999999847,
        "Pd": 0.010000000000000009,
        "Cu": 0.02499999999999991,
        "Pt": 0.037000000000000144,
        "Ag": 0.05249999999999999,
        "Pb": 0.03499999999999992,
        "Au": 0.06099999999999994,
        "Ni": 0.006999999999999895
      }
    }
  ],
  "error_correlations": [],
  "manifold_json": "[]",
  "ranking_by_mae": [
    [
      "EAM",
      0.030374999999999958
    ]
  ]
}