{
  "pooled_C11": {
    "n": 15,
    "r": 0.6990705811882113,
    "p_value": 0.003731150100929818,
    "r_squared": 0.3847968816605678,
    "mae": 71.62990251761269,
    "rmse": 95.64542034646195,
    "ci_95": [
      0.042041734132666625,
      0.9256008401165682
    ]
  },
  "bcc_C11": {
    "n": 7,
    "r": 0.8499999999999999,
    "p_value": 0.015412036837024346,
    "r_squared": 0.681166539335285,
    "mae": 56.566024074538625,
    "rmse": 61.78617822291877,
    "ci_95": [
      0.34657299180534457,
      0.9967471793163478
    ]
  },
  "fcc_C11": {
    "n": 8,
    "r": 0.14999999999999997,
    "p_value": 0.7229402734375001,
    "r_squared": -0.838959562211439,
    "mae": 84.81079615530248,
    "rmse": 117.52551518872983,
    "ci_95": [
      -0.7449549982525702,
      0.9128656628983962
    ]
  },
  "simpsons_pooled_C11": {
    "n": 15,
    "r": -0.5755897742569775,
    "p_value": 0.024753743557115262,
    "r_squared": -3.8122019854138687,
    "mae": 250.5405192563489,
    "rmse": 267.5018809072355,
    "ci_95": [
      -0.8093880254587313,
      -0.2303563669071463
    ]
  },
  "simpsons_bcc_C11": {
    "n": 7,
    "r": 0.7668798047623104,
    "p_value": 0.044248020255934835,
    "r_squared": -5.3617511153826,
    "mae": 255.4528868077607,
    "rmse": 275.99278162196504,
    "ci_95": [
      0.5377238840895359,
      0.9866912438400459
    ]
  },
  "simpsons_fcc_C11": {
    "n": 8,
    "r": 0.8309924466527203,
    "p_value": 0.010590580484794958,
    "r_squared": -7.98951069066503,
    "mae": 246.24219764886354,
    "rmse": 259.84484211294824,
    "ci_95": [
      0.619089885476343,
      0.9643426927437756
    ]
  },
  "pooled_C12": {
    "n": 15,
    "r": 0.3127007070883596,
    "p_value": 0.25647222216812543,
    "r_squared": -0.45376879378345913,
    "mae": 43.737354263956284,
    "rmse": 64.78278607552645,
    "ci_95": [
      -0.34060469202447075,
      0.8757734582003353
    ]
  },
  "bcc_C12": {
    "n": 7,
    "r": 0.8499999999999999,
    "p_value": 0.015412036837024346,
    "r_squared": 0.6740728318967073,
    "mae": 17.047461216621862,
    "rmse": 21.457034598324668,
    "ci_95": [
      0.4757692628490193,
      0.9982260750137864
    ]
  },
  "fcc_C12": {
    "n": 8,
    "r": 0.14999999999999994,
    "p_value": 0.7229402734375001,
    "r_squared": -0.8574440494114919,
    "mae": 67.0910106803739,
    "rmse": 86.40696603814376,
    "ci_95": [
      -0.6990304184263983,
      0.9136954888962785
    ]
  },
  "simpsons_pooled_C12": {
    "n": 15,
    "r": -0.13368607599639606,
    "p_value": 0.634795828715118,
    "r_squared": -3.882701644149437,
    "mae": 108.54455388662895,
    "rmse": 118.72496337439445,
    "ci_95": [
      -0.6330064996475558,
      0.3859755235968535
    ]
  },
  "simpsons_bcc_C12": {
    "n": 7,
    "r": 0.881121428072718,
    "p_value": 0.008769581751435676,
    "r_squared": -7.985716961729416,
    "mae": 107.4436602864719,
    "rmse": 112.66416109783783,
    "ci_95": [
      0.5381978228114936,
      0.998550330560543
    ]
  },
  "simpsons_fcc_C12": {
    "n": 8,
    "r": 0.9761711958528838,
    "p_value": 3.322405838221446e-05,
    "r_squared": -2.8120105966388964,
    "mae": 109.50783578676632,
    "rmse": 123.7849756395201,
    "ci_95": [
      0.9330907336188652,
      0.9978981795156374
    ]
  },
  "pooled_C44": {
    "n": 15,
    "r": 0.638378937641314,
    "p_value": 0.010431470491915677,
    "r_squared": 0.24836281337156274,
    "mae": 26.761424677162186,
    "rmse": 34.52130172131171,
    "ci_95": [
      0.20573678625166655,
      0.8991704811100836
    ]
  },
  "bcc_C44": {
    "n": 7,
    "r": 0.8500000000000001,
    "p_value": 0.01541203683702429,
    "r_squared": 0.6744388881963207,
    "mae": 21.413773222700513,
    "rmse": 23.56497475578501,
    "ci_95": [
      0.5976709590243382,
      0.9892300116806072
    ]
  },
  "fcc_C44": {
    "n": 8,
    "r": 0.14999999999999988,
    "p_value": 0.7229402734375001,
    "r_squared": -0.7402419054015306,
    "mae": 31.440619699816146,
    "rmse": 41.816037356082184,
    "ci_95": [
      -0.6872801302922752,
      0.9617016337949
    ]
  },
  "simpsons_pooled_C44": {
    "n": 15,
    "r": -0.3064259955813474,
    "p_value": 0.2666473149894964,
    "r_squared": -2.5259915323337476,
    "mae": 67.84730370857127,
    "rmse": 74.76936064049926,
    "ci_95": [
      -0.75274935504591,
      0.22108257926037816
    ]
  },
  "simpsons_bcc_C44": {
    "n": 7,
    "r": 0.9047722238890159,
    "p_value": 0.005103168011033464,
    "r_squared": -2.5733747991692972,
    "mae": 69.2655801285062,
    "rmse": 78.07104679298345,
    "ci_95": [
      0.5549653125143496,
      0.9900897488744439
    ]
  },
  "simpsons_fcc_C44": {
    "n": 8,
    "r": 0.9326330784050446,
    "p_value": 0.0007262310726390929,
    "r_squared": -4.124349716314343,
    "mae": 66.60631184112819,
    "rmse": 71.75587164770047,
    "ci_95": [
      0.7391237640145183,
      0.9934352621236158
    ]
  }
}