{
  "baseline_3d": {
    "dimension": 3,
    "noise_level": 0.05,
    "pr": 1.3563649368268593,
    "pr_fraction": 0.4521216456089531,
    "mk_tau": -1.0,
    "mk_pvalue": 0.11718508719813792,
    "loglinear_r2": 0.9469548286281994,
    "loglinear_slope": -2.902130458433194,
    "passes_criterion1": true,
    "passes_criterion2": true,
    "passes_criterion3": true,
    "is_hyperribbon": true
  },
  "noise_robustness": {
    "is_hyperribbon": {
      "0.0": 1.0,
      "0.01": 1.0,
      "0.05": 1.0,
      "0.1": 1.0,
      "0.2": 1.0,
      "0.3": 1.0,
      "0.5": 1.0,
      "1.0": 0.0
    },
    "passes_c1": {
      "0.0": 1.0,
      "0.01": 1.0,
      "0.05": 1.0,
      "0.1": 1.0,
      "0.2": 1.0,
      "0.3": 1.0,
      "0.5": 1.0,
      "1.0": 1.0
    },
    "passes_c2": {
      "0.0": 1.0,
      "0.01": 1.0,
      "0.05": 1.0,
      "0.1": 1.0,
      "0.2": 1.0,
      "0.3": 1.0,
      "0.5": 1.0,
      "1.0": 1.0
    },
    "passes_c3": {
      "0.0": 1.0,
      "0.01": 1.0,
      "0.05": 1.0,
      "0.1": 1.0,
      "0.2": 1.0,
      "0.3": 1.0,
      "0.5": 1.0,
      "1.0": 0.0
    },
    "loglinear_r2": {
      "0.0": 1.0,
      "0.01": 0.8870183500953428,
      "0.05": 0.9464831657188812,
      "0.1": 0.9801200541778735,
      "0.2": 0.9999764929011918,
      "0.3": 0.9914451163058199,
      "0.5": 0.9585696148854843,
      "1.0": 0.9189816998242119
    },
    "mk_tau": {
      "0.0": -1.0,
      "0.01": -1.0,
      "0.05": -1.0,
      "0.1": -1.0,
      "0.2": -1.0,
      "0.3": -1.0,
      "0.5": -1.0,
      "1.0": -1.0
    },
    "pr_fraction": {
      "0.0": 0.44885487388537654,
      "0.01": 0.4490034159279736,
      "0.05": 0.4528531706575542,
      "0.1": 0.46410429234244466,
      "0.2": 0.5070448308638207,
      "0.3": 0.5708808436443839,
      "0.5": 0.7196381974104243,
      "1.0": 0.9318573507269536
    }
  },
  "dimension_test": {
    "is_hyperribbon": {
      "3": 1.0,
      "5": 1.0,
      "10": 1.0,
      "20": 1.0
    },
    "pr_fraction": {
      "3": 0.44885487388537654,
      "5": 0.29076297546894464,
      "10": 0.152775573135914,
      "20": 0.07697403236843807
    },
    "mk_tau": {
      "3": -1.0,
      "5": -1.0,
      "10": -1.0,
      "20": -1.0
    },
    "loglinear_r2": {
      "3": 1.0,
      "5": 0.9963644164677634,
      "10": 0.99297647087864,
      "20": 0.9917257155052226
    }
  },
  "non_vandermonde": {
    "is_hyperribbon": {
      "bimodal": 0.0,
      "equal_variance": 0.0,
      "random": 0.0,
      "saturated": 0.0
    },
    "pr_fraction": {
      "bimodal": 0.4995247280995536,
      "equal_variance": 0.9981435426288101,
      "random": 0.9977798104983856,
      "saturated": 0.2997807503854642
    },
    "mk_tau": {
      "bimodal": -1.0,
      "equal_variance": -1.0,
      "random": -1.0,
      "saturated": -1.0
    },
    "loglinear_r2": {
      "bimodal": 0.7634535801855367,
      "equal_variance": 0.9732830850313634,
      "random": 0.978731544108698,
      "saturated": 0.6411307531119402
    }
  },
  "baseline_10d": {
    "dimension": 10,
    "noise_level": 0.01,
    "pr": 1.5289216304452125,
    "pr_fraction": 0.15289216304452125,
    "mk_tau": -1.0,
    "loglinear_r2": 0.918764943479632,
    "loglinear_slope": -1.2071864619187993,
    "is_hyperribbon": true
  }
}