{
  "n_elements": 15,
  "spearman_rho_classical_vs_mlip": 0.18571428571428572,
  "spearman_p": 0.5075409629329615,
  "group_mlip_mean_cosine_strong_classical": 0.6027023987824055,
  "group_mlip_mean_cosine_weak_classical": 0.6068712226545527,
  "group_mlip_mean_cosine_orthogonal_predicted": 0.616554168692313,
  "per_element": [
    {
      "element": "Ag",
      "classical_mean_cosine": 0.9061,
      "error_vec_mace": [
        -0.17989900547275062,
        -0.2219479701622572,
        -0.29578122387393013
      ],
      "error_vec_chgnet": [
        -0.28484916700683605,
        -0.3066145263031802,
        -0.4128730091374879
      ],
      "error_vec_orb": [
        -0.22279264306534685,
        -0.27874056587355434,
        -0.15292591257409016
      ],
      "cos_mace_chgnet": 0.9985836834223655,
      "cos_mace_orb": 0.9218804561375278,
      "cos_chgnet_orb": 0.9291642553159721,
      "mlip_mean_cosine": 0.9498761316252885,
      "mlip_min_cosine": 0.9218804561375278,
      "mlip_max_cosine": 0.9985836834223655
    },
    {
      "element": "Al",
      "classical_mean_cosine": 0.4535,
      "error_vec_mace": [
        -0.06411507937890937,
        0.06742296302530648,
        -0.28621774029971536
      ],
      "error_vec_chgnet": [
        -0.6298537615288955,
        -0.5900456619390797,
        -0.8119430628815977
      ],
      "error_vec_orb": [
        -0.24252570833358766,
        0.00012568418200342713,
        -1.0349853562477531
      ],
      "cos_mace_chgnet": 0.6533278279137426,
      "cos_mace_orb": 0.9745628077218469,
      "cos_chgnet_orb": 0.7883491444994142,
      "mlip_mean_cosine": 0.8054132600450012,
      "mlip_min_cosine": 0.6533278279137426,
      "mlip_max_cosine": 0.9745628077218469
    },
    {
      "element": "Au",
      "classical_mean_cosine": 0.948,
      "error_vec_mace": [
        -0.2287398058122635,
        -0.23961261731485684,
        -0.6456264096791877
      ],
      "error_vec_chgnet": [
        -0.41560609147640826,
        -0.36523908462447363,
        -0.7812348740694716
      ],
      "error_vec_orb": [
        -0.3059392292460098,
        -0.21301873293422124,
        -0.9327233984556147
      ],
      "cos_mace_chgnet": 0.9889002025573561,
      "cos_mace_orb": 0.9922108842369352,
      "cos_chgnet_orb": 0.9709212322472415,
      "mlip_mean_cosine": 0.9840107730138442,
      "mlip_min_cosine": 0.9709212322472415,
      "mlip_max_cosine": 0.9922108842369352
    },
    {
      "element": "Cr",
      "classical_mean_cosine": 0.9039,
      "error_vec_mace": [
        -0.16078574206784835,
        2.3098586772137764,
        -0.8118749784006973
      ],
      "error_vec_chgnet": [
        -0.2811968884663172,
        1.3047233103201163,
        -1.0524443473197578
      ],
      "error_vec_orb": [
        0.1391730701508036,
        -0.1282844232653808,
        0.05405009789091153
      ],
      "cos_mace_chgnet": 0.9383491083625735,
      "cos_mace_orb": -0.7506985769203581,
      "cos_chgnet_orb": -0.7872485596628496,
      "mlip_mean_cosine": -0.19986600940687807,
      "mlip_min_cosine": -0.7872485596628496,
      "mlip_max_cosine": 0.9383491083625735
    },
    {
      "element": "Cu",
      "classical_mean_cosine": 0.7963,
      "error_vec_mace": [
        -0.0645070193032663,
        -0.014094486991124255,
        -0.13529427201712585
      ],
      "error_vec_chgnet": [
        0.06314435252005501,
        0.2657068752930416,
        -0.3864187032413182
      ],
      "error_vec_orb": [
        -0.10614353364899731,
        -0.031039702206541286,
        -0.12613720092423963
      ],
      "cos_mace_chgnet": 0.6241422244072129,
      "cos_mace_orb": 0.9641924765263785,
      "cos_chgnet_orb": 0.425709799442223,
      "mlip_mean_cosine": 0.6713481667919381,
      "mlip_min_cosine": 0.425709799442223,
      "mlip_max_cosine": 0.9641924765263785
    },
    {
      "element": "Fe",
      "classical_mean_cosine": 0.6182,
      "error_vec_mace": [
        -0.7280851098038079,
        -0.6802470456496676,
        -0.06416784559923927
      ],
      "error_vec_chgnet": [
        -0.5714881975329468,
        -0.2200598178218255,
        -0.16505214153602532
      ],
      "error_vec_orb": [
        -0.07230923162941671,
        -0.39582996779235924,
        -0.04135012003820926
      ],
      "cos_mace_chgnet": 0.9101457409542709,
      "cos_mace_orb": 0.8036030577574933,
      "cos_chgnet_orb": 0.5272034362756131,
      "mlip_mean_cosine": 0.7469840783291257,
      "mlip_min_cosine": 0.5272034362756131,
      "mlip_max_cosine": 0.9101457409542709
    },
    {
      "element": "Mo",
      "classical_mean_cosine": 0.7753,
      "error_vec_mace": [
        -0.45414583065497494,
        0.16885727305738985,
        -0.6797786662163727
      ],
      "error_vec_chgnet": [
        -0.24940674633063564,
        0.4489944112463813,
        -0.6585051443428716
      ],
      "error_vec_orb": [
        -0.10823379469421768,
        -0.28706323770848075,
        -0.10091767285859365
      ],
      "cos_mace_chgnet": 0.9133268874711886,
      "cos_mace_orb": 0.256981698191033,
      "cos_chgnet_orb": -0.13140199117395981,
      "mlip_mean_cosine": 0.3463021981627539,
      "mlip_min_cosine": -0.13140199117395981,
      "mlip_max_cosine": 0.9133268874711886
    },
    {
      "element": "Nb",
      "classical_mean_cosine": 0.9757,
      "error_vec_mace": [
        -0.13972742746235933,
        0.13710361145380823,
        0.13469803018110182
      ],
      "error_vec_chgnet": [
        -0.3428243918924907,
        -0.12529225021640333,
        -0.9277079771943711
      ],
      "error_vec_orb": [
        -0.22256549399989933,
        -0.09080406951144016,
        -1.5804094334600038
      ],
      "cos_mace_chgnet": -0.39780111194874646,
      "cos_mace_orb": -0.5113166493561158,
      "cos_chgnet_orb": 0.9750007604962154,
      "mlip_mean_cosine": 0.02196099973045107,
      "mlip_min_cosine": -0.5113166493561158,
      "mlip_max_cosine": 0.9750007604962154
    },
    {
      "element": "Ni",
      "classical_mean_cosine": 0.689,
      "error_vec_mace": [
        -0.028804244279801994,
        -0.02284247890723401,
        -0.22228791933892134
      ],
      "error_vec_chgnet": [
        0.10470221425174064,
        0.1576192648456458,
        -0.11021715040351332
      ],
      "error_vec_orb": [
        0.05136045297853431,
        -0.048366359756279675,
        -0.05365316889859639
      ],
      "cos_mace_chgnet": 0.3624663786696266,
      "cos_mace_orb": 0.5784684420697731,
      "cos_chgnet_orb": 0.1889598655601788,
      "mlip_mean_cosine": 0.3766315620998595,
      "mlip_min_cosine": 0.1889598655601788,
      "mlip_max_cosine": 0.5784684420697731
    },
    {
      "element": "Pb",
      "classical_mean_cosine": 0.8853,
      "error_vec_mace": [
        -0.06895830390204816,
        0.0015153220341874718,
        -0.42077865242702506
      ],
      "error_vec_chgnet": [
        -0.42166099799121504,
        -0.3931466580231807,
        -0.7736070951864251
      ],
      "error_vec_orb": [
        -0.4801413215905109,
        -0.24627111493469567,
        -0.031554770979404734
      ],
      "cos_mace_chgnet": 0.8605078063543089,
      "cos_mace_orb": 0.1996428491490744,
      "cos_chgnet_orb": 0.6206777722166607,
      "mlip_mean_cosine": 0.5602761425733479,
      "mlip_min_cosine": 0.1996428491490744,
      "mlip_max_cosine": 0.8605078063543089
    },
    {
      "element": "Pd",
      "classical_mean_cosine": 0.184,
      "error_vec_mace": [
        -0.24474624771532083,
        -0.2553045097688843,
        -0.0868345118648356
      ],
      "error_vec_chgnet": [
        -0.24560130211740716,
        -0.16714041705160765,
        -0.367699830836698
      ],
      "error_vec_orb": [
        -0.2339329407149443,
        -0.16159349836903736,
        0.030996660803901843
      ],
      "cos_mace_chgnet": 0.782521851220615,
      "cos_mace_orb": 0.9199626226867719,