{
  "csv_source": "C:/Users/alexw/Downloads/shed/glim/atlas-distill/benchmarks/nist_populated_all.csv",
  "n_iterations": 10000,
  "rand_seed": 12648430,
  "row_counts_per_pair_style": {
    "meam": 108,
    "tersoff": 2,
    "tersoff/zbl": 3,
    "adp": 13,
    "eam": 3,
    "eam/alloy": 84,
    "eam/fs": 42
  },
  "full_PR": {
    "meam": 2.0681608381170684,
    "tersoff": NaN,
    "tersoff/zbl": 1.0000184960391192,
    "adp": 1.7880724069275642,
    "eam": 1.916893904907294,
    "eam/alloy": 2.430297869668347,
    "eam/fs": 1.1724240031456379
  },
  "tersoff_full_pr": NaN,
  "tersoff_zbl_full_pr": 1.0000184960391192,
  "meam_full_pr_observed": 2.0681608381170684,
  "meam_full_pr_bootstrap_ci": {
    "n": 10000,
    "mean": 1.9999498297106555,
    "median": 2.0162498526956822,
    "p05": 1.5755582007865259,
    "p25": 1.8281960051429997,
    "p75": 2.1750735119141553,
    "p95": 2.3877911550294897,
    "min": 1.2348568281034236,
    "max": 2.7889505367768295,
    "frac_le_1p1": 0.0,
    "frac_le_1p5": 0.0229
  },
  "meam_at_tersoff_n_distribution": {
    "sample_size": 2,
    "n": 9711,
    "mean": 1.0,
    "median": 1.0,
    "p05": 1.0,
    "p25": 1.0,
    "p75": 1.0,
    "p95": 1.0,
    "min": 1.0,
    "max": 1.0,
    "frac_le_1p1": 1.0,
    "frac_le_1p5": 1.0,
    "frac_le_tersoff_PR": 0.0
  },
  "meam_at_tersoff_zbl_n_distribution": {
    "sample_size": 3,
    "n": 9992,
    "mean": 1.1914076028398886,
    "median": 1.0882034211808786,
    "p05": 1.0,
    "p25": 1.0149498049228645,
    "p75": 1.2699324166142887,
    "p95": 1.77758460614969,
    "min": 1.0,
    "max": 1.9994056312416206,
    "frac_le_1p1": 0.5310248198558847,
    "frac_le_1p5": 0.8681945556445156,
    "frac_le_tersoff_zbl_PR": 0.0843
  },
  "meam_at_n7_distribution": {
    "sample_size": 7,
    "n": 10000,
    "mean": 1.446395977765153,
    "median": 1.3620141883241925,
    "p05": 1.0386183138238234,
    "p25": 1.154924435771794,
    "p75": 1.6877200781852926,
    "p95": 2.0909428258621654,
    "min": 1.0013338801685667,
    "max": 2.7924518677624555,
    "frac_le_1p1": 0.1688,
    "frac_le_1p5": 0.6185
  },
  "interpretation_threshold": "If MEAM's small-n PR distribution places nontrivial mass at or below the tersoff/tersoff-zbl observed PR, the 'MEAM anomaly' is partly a small-sample artifact: PR is mechanically bounded by min(n, 3) and the 3x3 covariance estimate is high-variance below n=10."
}